Lineup #,SelScore,HitCount,Salary,ProjSum,MaxSimPts,Players,FD_IDs
1,1.8734,1,59100,316.97,690.87,Luka Doncic (LAL) | De'Aaron Fox (SAS) | Ausar Thompson (DET) | Miles McBride (NYK) | Justin Champagnie (WAS) | Peyton Watson (DEN) | Isaiah Stewart (DET) | Collin Murray-Boyles (TOR) | Paul Reed (DET),"125339-84669,125339-80810,125339-188426,125339-157824,125339-158855,125339-171761,125339-145307,125339-228122,125339-145329"
2,1.8273,1,59400,315.87,634.42,Stephon Castle (SAS) | Stephen Curry (GSW) | Marcus Smart (LAL) | Ausar Thompson (DET) | Tristan Da Silva (ORL) | Julian Champagnie (SAS) | Jalen Johnson (ATL) | Derik Queen (NOP) | Paul Reed (DET),"125339-203723,125339-9524,125339-23670,125339-188426,125339-203716,125339-172098,125339-157833,125339-228132,125339-145329"
3,1.827,1,60000,303.72,649.58,LaMelo Ball (CHA) | Derrick White (BOS) | Ryan Rollins (MIL) | Ausar Thompson (DET) | Desmond Bane (ORL) | Zaccharie Risacher (ATL) | Paul George (PHI) | Matas Buzelis (CHI) | Paul Reed (DET),"125339-145485,125339-49675,125339-171772,125339-188426,125339-145334,125339-203767,125339-12341,125339-203761,125339-145329"
4,1.804,1,59700,303.32,621.24,Ryan Rollins (MIL) | Luka Doncic (LAL) | Ausar Thompson (DET) | Derrick White (BOS) | Royce O'Neale (PHX) | Sam Hauser (BOS) | Derik Queen (NOP) | Jake LaRavia (LAL) | Goga Bitadze (ORL),"125339-171772,125339-84669,125339-188426,125339-49675,125339-18338,125339-158854,125339-228132,125339-171757,125339-110359"
5,1.7941,1,59300,296.69,617.25,Shaedon Sharpe (POR) | Kevin Porter Jr. (MIL) | Kon Knueppel (CHA) | James Harden (LAC) | Quentin Grimes (PHI) | Duncan Robinson (DET) | John Collins (LAC) | OG Anunoby (NYK) | Paul Reed (DET),"125339-171804,125339-110345,125339-228135,125339-9644,125339-157826,125339-85137,125339-66236,125339-68090,125339-145329"
6,1.7907,1,59000,304.61,602.91,Dyson Daniels (ATL) | Immanuel Quickley (TOR) | Jaden Ivey (DET) | Collin Gillespie (PHX) | Lauri Markkanen (UTA) | Paul George (PHI) | Jake LaRavia (LAL) | Bilal Coulibaly (WAS) | Derik Queen (NOP),"125339-171784,125339-145348,125339-171780,125339-171668,125339-80812,125339-12341,125339-171757,125339-188416,125339-228132"
7,1.7865,1,59500,313.02,586.88,Collin Gillespie (PHX) | Keyonte George (UTA) | Moses Moody (GSW) | Jaden Ivey (DET) | Ausar Thompson (DET) | OG Anunoby (NYK) | Kawhi Leonard (LAC) | Alex Sarr (WAS) | Paul Reed (DET),"125339-171668,125339-188412,125339-157802,125339-171780,125339-188426,125339-68090,125339-14513,125339-203764,125339-145329"
8,1.786,1,59600,298.5,604.8,Jaden Ivey (DET) | Kevin Porter Jr. (MIL) | Kevin Huerter (CHI) | Jordan Goodwin (PHX) | Ausar Thompson (DET) | Jimmy Butler (GSW) | Karl-Anthony Towns (NYK) | Zion Williamson (NOP) | Collin Murray-Boyles (TOR),"125339-171780,125339-110345,125339-84704,125339-160174,125339-188426,125339-14528,125339-58462,125339-110310,125339-228122"
9,1.7748,1,59400,309.47,576.73,Dyson Daniels (ATL) | Nickeil Alexander-Walker (ATL) | Ajay Mitchell (OKC) | Derrick White (BOS) | Michael Porter Jr. (BKN) | Brice Sensabaugh (UTA) | Zion Williamson (NOP) | Jarred Vanderbilt (LAL) | Paul Reed (DET),"125339-171784,125339-110356,125339-203808,125339-49675,125339-84682,125339-188413,125339-110310,125339-84721,125339-145329"
10,1.7744,1,60000,293.7,596.4,Derrick White (BOS) | Kevin Porter Jr. (MIL) | Jase Richardson (ORL) | Jordan Poole (NOP) | Quentin Grimes (PHI) | Jake LaRavia (LAL) | Alex Sarr (WAS) | Miles Bridges (CHA) | Jusuf Nurkic (UTA),"125339-49675,125339-110345,125339-228128,125339-110322,125339-157826,125339-171757,125339-203764,125339-84678,125339-55057"
11,1.7698,1,59900,293.51,590.89,Luke Kennard (ATL) | Tyrese Maxey (PHI) | Derrick White (BOS) | Cason Wallace (OKC) | Kawhi Leonard (LAC) | Bilal Coulibaly (WAS) | Justin Champagnie (WAS) | Santi Aldama (MEM) | Luka Garza (BOS),"125339-66046,125339-145331,125339-49675,125339-188415,125339-14513,125339-188416,125339-158855,125339-157844,125339-157807"
12,1.7695,1,59900,291.82,592.69,Devin Booker (PHX) | Derrick White (BOS) | Ausar Thompson (DET) | James Harden (LAC) | Isaac Okoro (CHI) | Miles Bridges (CHA) | Aaron Wiggins (OKC) | Derik Queen (NOP) | Collin Murray-Boyles (TOR),"125339-58460,125339-49675,125339-188426,125339-9644,125339-145341,125339-84678,125339-157829,125339-228132,125339-228122"
13,1.7689,1,59600,306.75,572.73,Kevin Porter Jr. (MIL) | Keyonte George (UTA) | Dyson Daniels (ATL) | Dillon Brooks (PHX) | Tari Eason (HOU) | Matas Buzelis (CHI) | Sam Hauser (BOS) | Jalen Williams (OKC) | Paul Reed (DET),"125339-110345,125339-188412,125339-171784,125339-60233,125339-171769,125339-203761,125339-158854,125339-171760,125339-145329"
14,1.7687,1,59600,310.11,568.23,Bub Carrington (WAS) | Dyson Daniels (ATL) | Cason Wallace (OKC) | Shaedon Sharpe (POR) | Jalen Johnson (ATL) | Tari Eason (HOU) | Bilal Coulibaly (WAS) | Jalen Williams (OKC) | Deandre Ayton (LAL),"125339-203721,125339-171784,125339-188415,125339-171804,125339-157833,125339-171769,125339-188416,125339-171760,125339-84673"
15,1.7674,1,59100,312.14,563.94,Nickeil Alexander-Walker (ATL) | Cason Wallace (OKC) | Jaden Ivey (DET) | Shaedon Sharpe (POR) | Michael Porter Jr. (BKN) | Desmond Bane (ORL) | Scottie Barnes (TOR) | Tari Eason (HOU) | Paul Reed (DET),"125339-110356,125339-188415,125339-171780,125339-171804,125339-84682,125339-145334,125339-157822,125339-171769,125339-145329"
16,1.7671,1,59900,301.41,577.35,Reed Sheppard (HOU) | De'Anthony Melton (GSW) | Immanuel Quickley (TOR) | Derrick White (BOS) | Caris LeVert (DET) | Deni Avdija (POR) | Santi Aldama (MEM) | Zion Williamson (NOP) | Paul Reed (DET),"125339-203713,125339-84703,125339-145348,125339-49675,125339-23798,125339-145539,125339-157844,125339-110310,125339-145329"
17,1.7658,1,59400,302.99,573.74,Jaden Ivey (DET) | Collin Gillespie (PHX) | Tre Jones (CHI) | Dillon Brooks (PHX) | Paolo Banchero (ORL) | Marcus Smart (LAL) | Bilal Coulibaly (WAS) | Jalen Johnson (ATL) | Neemias Queta (BOS),"125339-171780,125339-171668,125339-145323,125339-60233,125339-171770,125339-23670,125339-188416,125339-157833,125339-157811"
18,1.7636,1,59400,326.57,540.75,Ajay Mitchell (OKC) | Jamal Murray (DEN) | Jaden Ivey (DET) | Collin Sexton (CHA) | Kawhi Leonard (LAC) | Ausar Thompson (DET) | Tari Eason (HOU) | Jalen Williams (OKC) | Paul Reed (DET),"125339-203808,125339-66108,125339-171780,125339-84667,125339-14513,125339-188426,125339-171769,125339-171760,125339-145329"
19,1.7631,1,59700,308.57,563.18,Cason Wallace (OKC) | Luka Doncic (LAL) | Miles McBride (NYK) | VJ Edgecombe (PHI) | Justin Champagnie (WAS) | Bilal Coulibaly (WAS) | Paul George (PHI) | Scottie Barnes (TOR) | Robert Williams (POR),"125339-188415,125339-84669,125339-157824,125339-228133,125339-158855,125339-188416,125339-12341,125339-157822,125339-84708"
20,1.7606,1,59600,315.09,551.67,Bub Carrington (WAS) | Ajay Mitchell (OKC) | Dyson Daniels (ATL) | Mikal Bridges (NYK) | RJ Barrett (TOR) | Kevin Durant (HOU) | Peyton Watson (DEN) | Alex Sarr (WAS) | Paul Reed (DET),"125339-203721,125339-203808,125339-171784,125339-84670,125339-110357,125339-9646,125339-171761,125339-203764,125339-145329"
21,1.7603,1,60000,309.69,558.25,Kris Dunn (LAC) | Shaedon Sharpe (POR) | Nickeil Alexander-Walker (ATL) | Jaden Ivey (DET) | Tari Eason (HOU) | Dillon Brooks (PHX) | Kawhi Leonard (LAC) | Victor Wembanyama (SAS) | Paul Reed (DET),"125339-23802,125339-171804,125339-110356,125339-171780,125339-171769,125339-60233,125339-14513,125339-188414,125339-145329"
22,1.7587,1,59600,290.64,580.62,Kevin Porter Jr. (MIL) | Stephon Castle (SAS) | Caris LeVert (DET) | Immanuel Quickley (TOR) | Matas Buzelis (CHI) | Ausar Thompson (DET) | Jake LaRavia (LAL) | Victor Wembanyama (SAS) | Jock Landale (MEM),"125339-110345,125339-203723,125339-23798,125339-145348,125339-203761,125339-188426,125339-171757,125339-188414,125339-158137"
23,1.7581,1,59600,300.18,567.6,Jordan Poole (NOP) | Ajay Mitchell (OKC) | Jaylen Brown (BOS) | Marcus Smart (LAL) | Jalen Williams (OKC) | Toumani Camara (POR) | Alex Sarr (WAS) | Kristaps Porzingis (ATL) | Nic Claxton (BKN),"125339-110322,125339-203808,125339-67026,125339-23670,125339-171760,125339-188447,125339-203764,125339-63122,125339-110354"
24,1.7548,1,59700,304.4,558.07,Daniss Jenkins (DET) | Brandin Podziemski (GSW) | Immanuel Quickley (TOR) | Cason Wallace (OKC) | Scottie Barnes (TOR) | Kon Knueppel (CHA) | Victor Wembanyama (SAS) | Alex Sarr (WAS) | Paul Reed (DET),"125339-203812,125339-188433,125339-145348,125339-188415,125339-157822,125339-228135,125339-188414,125339-203764,125339-145329"
25,1.7542,1,59800,293.31,571.48,Anfernee Simons (BOS) | Luka Doncic (LAL) | Dyson Daniels (ATL) | Keyonte George (UTA) | Sam Hauser (BOS) | OG Anunoby (NYK) | John Collins (LAC) | Kristaps Porzingis (ATL) | Jarred Vanderbilt (LAL),"125339-84717,125339-84669,125339-171784,125339-188412,125339-158854,125339-68090,125339-66236,125339-63122,125339-84721"
26,1.753,1,59800,290.41,573.75,Shaedon Sharpe (POR) | Collin Gillespie (PHX) | Jordan Goodwin (PHX) | Ajay Mitchell (OKC) | OG Anunoby (NYK) | Deni Avdija (POR) | Bobby Portis (MIL) | Chet Holmgren (OKC) | Steven Adams (HOU),"125339-171804,125339-171668,125339-160174,125339-203808,125339-68090,125339-145539,125339-42156,125339-171759,125339-23169"
27,1.7523,1,59400,311.22,546.22,Jaden Ivey (DET) | Ajay Mitchell (OKC) | Stephon Castle (SAS) | Ausar Thompson (DET) | Jaylen Brown (BOS) | Marcus Smart (LAL) | Alex Sarr (WAS) | Chet Holmgren (OKC) | Mark Williams (PHX),"125339-171780,125339-203808,125339-203723,125339-188426,125339-67026,125339-23670,125339-203764,125339-171759,125339-171786"
28,1.7516,1,59300,302.09,557.02,De'Aaron Fox (SAS) | Jamal Shead (TOR) | Anthony Black (ORL) | Caris LeVert (DET) | Scottie Barnes (TOR) | Michael Porter Jr. (BKN) | Paul George (PHI) | Kristaps Porzingis (ATL) | Paul Reed (DET),"125339-80810,125339-203798,125339-188408,125339-23798,125339-157822,125339-84682,125339-12341,125339-63122,125339-145329"
29,1.7515,1,59800,294.45,566.66,Jeremiah Fears (NOP) | Kevin Porter Jr. (MIL) | Desmond Bane (ORL) | Kon Knueppel (CHA) | Bilal Coulibaly (WAS) | Matas Buzelis (CHI) | Alex Sarr (WAS) | Miles Bridges (CHA) | Jarred Vanderbilt (LAL),"125339-228131,125339-110345,125339-145334,125339-228135,125339-188416,125339-203761,125339-203764,125339-84678,125339-84721"
30,1.7513,1,59800,308.4,548.48,Keyonte George (UTA) | Luka Doncic (LAL) | Ausar Thompson (DET) | Cason Wallace (OKC) | Justin Champagnie (WAS) | Julian Champagnie (SAS) | Matas Buzelis (CHI) | Brandon Ingram (TOR) | Robert Williams (POR),"125339-188412,125339-84669,125339-188426,125339-188415,125339-158855,125339-172098,125339-203761,125339-66048,125339-84708"
31,1.7496,1,59800,309.89,544.45,Luka Doncic (LAL) | Jaden Ivey (DET) | Reed Sheppard (HOU) | Caris LeVert (DET) | Bilal Coulibaly (WAS) | Paolo Banchero (ORL) | Lauri Markkanen (UTA) | Jake LaRavia (LAL) | Goga Bitadze (ORL),"125339-84669,125339-171780,125339-203713,125339-23798,125339-188416,125339-171770,125339-80812,125339-171757,125339-110359"
32,1.7484,1,60000,307.74,545.76,Stephon Castle (SAS) | Reed Sheppard (HOU) | RJ Barrett (TOR) | Payton Pritchard (BOS) | Ausar Thompson (DET) | Paul George (PHI) | Zion Williamson (NOP) | Santi Aldama (MEM) | Paul Reed (DET),"125339-203723,125339-203713,125339-110357,125339-145335,125339-188426,125339-12341,125339-110310,125339-157844,125339-145329"
33,1.7482,1,59000,308.29,544.72,Tre Jones (CHI) | Tyrese Maxey (PHI) | Jaden Ivey (DET) | Ajay Mitchell (OKC) | Keldon Johnson (SAS) | Lauri Markkanen (UTA) | Isaiah Stewart (DET) | Alex Sarr (WAS) | Collin Murray-Boyles (TOR),"125339-145323,125339-145331,125339-171780,125339-203808,125339-110347,125339-80812,125339-145307,125339-203764,125339-228122"
34,1.748,1,59600,302.02,552.54,Luka Doncic (LAL) | Cason Wallace (OKC) | Caris LeVert (DET) | Reed Sheppard (HOU) | VJ Edgecombe (PHI) | Justin Champagnie (WAS) | Keldon Johnson (SAS) | Kawhi Leonard (LAC) | Sandro Mamukelashvili (TOR),"125339-84669,125339-188415,125339-23798,125339-203713,125339-228133,125339-158855,125339-110347,125339-14513,125339-157846"
35,1.7457,1,59300,306.74,543.6,Ajay Mitchell (OKC) | Tre Johnson (WAS) | Collin Sexton (CHA) | Luguentz Dort (OKC) | Lauri Markkanen (UTA) | Scottie Barnes (TOR) | Jalen Johnson (ATL) | Derik Queen (NOP) | Brook Lopez (LAC),"125339-203808,125339-228118,125339-84667,125339-111273,125339-80812,125339-157822,125339-157833,125339-228132,125339-9621"
37,1.7434,1,60000,301.35,547.62,Ajay Mitchell (OKC) | Jordan Poole (NOP) | Tre Jones (CHI) | Jase Richardson (ORL) | Kevin Huerter (CHI) | Lauri Markkanen (UTA) | Jalen Johnson (ATL) | Justin Champagnie (WAS) | Karl-Anthony Towns (NYK),"125339-203808,125339-110322,125339-145323,125339-228128,125339-84704,125339-80812,125339-157833,125339-158855,125339-58462"
36,1.7434,1,59300,303.83,544.49,Daniss Jenkins (DET) | Luka Doncic (LAL) | Dyson Daniels (ATL) | Egor Demin (BKN) | Jimmy Butler (GSW) | Isaac Okoro (CHI) | Noah Clowney (BKN) | Collin Murray-Boyles (TOR) | Nic Claxton (BKN),"125339-203812,125339-84669,125339-171784,125339-228109,125339-14528,125339-145341,125339-188431,125339-228122,125339-110354"
39,1.7431,1,59200,290.65,561.0,Anfernee Simons (BOS) | Nickeil Alexander-Walker (ATL) | Tre Johnson (WAS) | Jeremiah Fears (NOP) | Kevin Huerter (CHI) | Mikal Bridges (NYK) | Scottie Barnes (TOR) | Karl-Anthony Towns (NYK) | Jusuf Nurkic (UTA),"125339-84717,125339-110356,125339-228118,125339-228131,125339-84704,125339-84670,125339-157822,125339-58462,125339-55057"
38,1.7431,1,59400,298.99,550.34,Kevin Porter Jr. (MIL) | Amen Thompson (HOU) | Marcus Smart (LAL) | Keyonte George (UTA) | Quentin Grimes (PHI) | Jaylen Wells (MEM) | Tari Eason (HOU) | Santi Aldama (MEM) | Paul Reed (DET),"125339-110345,125339-188405,125339-23670,125339-188412,125339-157826,125339-203776,125339-171769,125339-157844,125339-145329"
40,1.743,1,59900,298.92,550.28,Bub Carrington (WAS) | Tyrese Maxey (PHI) | Mikal Bridges (NYK) | RJ Barrett (TOR) | VJ Edgecombe (PHI) | Caris LeVert (DET) | Lauri Markkanen (UTA) | Justin Champagnie (WAS) | Nic Claxton (BKN),"125339-203721,125339-145331,125339-84670,125339-110357,125339-228133,125339-23798,125339-80812,125339-158855,125339-110354"
41,1.7409,1,60000,313.68,528.75,Ajay Mitchell (OKC) | Jaden Ivey (DET) | James Harden (LAC) | Marcus Smart (LAL) | Caris LeVert (DET) | Jaylen Brown (BOS) | Alex Sarr (WAS) | Isaiah Stewart (DET) | Joel Embiid (PHI),"125339-203808,125339-171780,125339-9644,125339-23670,125339-23798,125339-67026,125339-203764,125339-145307,125339-49111"
42,1.7372,1,60000,303.31,537.29,Nickeil Alexander-Walker (ATL) | Devin Booker (PHX) | Jaden Ivey (DET) | VJ Edgecombe (PHI) | Jake LaRavia (LAL) | Jalen Williams (OKC) | Kevin Durant (HOU) | Tristan Da Silva (ORL) | Wendell Carter Jr. (ORL),"125339-110356,125339-58460,125339-171780,125339-228133,125339-171757,125339-171760,125339-9646,125339-203716,125339-84676"
43,1.737,1,59900,314.34,522.99,Luka Doncic (LAL) | Derrick White (BOS) | Ajay Mitchell (OKC) | Caris LeVert (DET) | Julian Champagnie (SAS) | RJ Barrett (TOR) | Paul George (PHI) | Kristaps Porzingis (ATL) | Collin Murray-Boyles (TOR),"125339-84669,125339-49675,125339-203808,125339-23798,125339-172098,125339-110357,125339-12341,125339-63122,125339-228122"
44,1.7368,1,60000,306.87,532.34,De'Aaron Fox (SAS) | Caleb Love (POR) | Jaylen Brown (BOS) | Ajay Mitchell (OKC) | Jalen Johnson (ATL) | Keldon Johnson (SAS) | Peyton Watson (DEN) | Tolu Smith (DET) | Paul Reed (DET),"125339-80810,125339-228180,125339-67026,125339-203808,125339-157833,125339-110347,125339-171761,125339-213259,125339-145329"
45,1.7359,1,59800,299.51,540.64,Jaden Ivey (DET) | Payton Pritchard (BOS) | Dyson Daniels (ATL) | Cam Spencer (MEM) | Royce O'Neale (PHX) | Grayson Allen (PHX) | Giannis Antetokounmpo (MIL) | Chet Holmgren (OKC) | Paul Reed (DET),"125339-171780,125339-145335,125339-171784,125339-203777,125339-18338,125339-84711,125339-40199,125339-171759,125339-145329"
46,1.7358,1,59100,302.09,537.2,Nickeil Alexander-Walker (ATL) | Keyonte George (UTA) | Jaylen Wells (MEM) | Jaden Ivey (DET) | Julian Champagnie (SAS) | Jalen Williams (OKC) | Zion Williamson (NOP) | Peyton Watson (DEN) | Isaiah Stewart (DET),"125339-110356,125339-188412,125339-203776,125339-171780,125339-172098,125339-171760,125339-110310,125339-171761,125339-145307"
47,1.7354,1,59100,284.14,559.69,Reed Sheppard (HOU) | Tyrese Maxey (PHI) | Jamal Shead (TOR) | Collin Gillespie (PHX) | Jalen Williams (OKC) | Lauri Markkanen (UTA) | Jake LaRavia (LAL) | Draymond Green (GSW) | Luka Garza (BOS),"125339-203713,125339-145331,125339-203798,125339-171668,125339-171760,125339-80812,125339-171757,125339-15860,125339-157807"
48,1.735,1,59500,294.86,545.4,Jeremiah Fears (NOP) | Daniss Jenkins (DET) | Stephon Castle (SAS) | Reed Sheppard (HOU) | Dillon Brooks (PHX) | Marcus Smart (LAL) | Zion Williamson (NOP) | Alex Sarr (WAS) | Karl-Anthony Towns (NYK),"125339-228131,125339-203812,125339-203723,125339-203713,125339-60233,125339-23670,125339-110310,125339-203764,125339-58462"
49,1.7347,1,60000,299.67,538.86,De'Anthony Melton (GSW) | Ryan Rollins (MIL) | VJ Edgecombe (PHI) | Jordan Poole (NOP) | Paul George (PHI) | Tari Eason (HOU) | Jalen Johnson (ATL) | Isaiah Stewart (DET) | Kristaps Porzingis (ATL),"125339-84703,125339-171772,125339-228133,125339-110322,125339-12341,125339-171769,125339-157833,125339-145307,125339-63122"
50,1.7343,1,59300,285.87,556.04,Jordan Poole (NOP) | Stephen Curry (GSW) | Brandin Podziemski (GSW) | Moses Moody (GSW) | Quentin Grimes (PHI) | Kevin Durant (HOU) | Alex Sarr (WAS) | Santi Aldama (MEM) | Jock Landale (MEM),"125339-110322,125339-9524,125339-188433,125339-157802,125339-157826,125339-9646,125339-203764,125339-157844,125339-158137"
51,1.7339,1,59900,289.34,551.17,De'Anthony Melton (GSW) | Kevin Porter Jr. (MIL) | Amen Thompson (HOU) | Tre Jones (CHI) | OG Anunoby (NYK) | Kevin Durant (HOU) | Bilal Coulibaly (WAS) | Collin Murray-Boyles (TOR) | Sandro Mamukelashvili (TOR),"125339-84703,125339-110345,125339-188405,125339-145323,125339-68090,125339-9646,125339-188416,125339-228122,125339-157846"
52,1.7335,1,59000,308.57,525.93,Ajay Mitchell (OKC) | Jamal Murray (DEN) | Stephon Castle (SAS) | Cason Wallace (OKC) | Kevin Durant (HOU) | Aaron Wiggins (OKC) | Chet Holmgren (OKC) | Noah Clowney (BKN) | Paul Reed (DET),"125339-203808,125339-66108,125339-203723,125339-188415,125339-9646,125339-157829,125339-171759,125339-188431,125339-145329"
53,1.7325,1,59700,313.32,518.62,Egor Demin (BKN) | LaMelo Ball (CHA) | Marcus Smart (LAL) | Dillon Brooks (PHX) | Michael Porter Jr. (BKN) | Jalen Williams (OKC) | Miles Bridges (CHA) | Isaiah Stewart (DET) | Paul Reed (DET),"125339-228109,125339-145485,125339-23670,125339-60233,125339-84682,125339-171760,125339-84678,125339-145307,125339-145329"
54,1.7323,1,59900,294.12,543.0,Shaedon Sharpe (POR) | Jamal Murray (DEN) | De'Anthony Melton (GSW) | Jordan Clarkson (NYK) | Jaylen Brown (BOS) | Dillon Brooks (PHX) | Justin Champagnie (WAS) | Jake LaRavia (LAL) | Alex Sarr (WAS),"125339-171804,125339-66108,125339-84703,125339-20640,125339-67026,125339-60233,125339-158855,125339-171757,125339-203764"
55,1.732,1,59200,278.02,563.19,Collin Gillespie (PHX) | Keyonte George (UTA) | RJ Barrett (TOR) | Jaylen Brown (BOS) | Christian Braun (DEN) | Desmond Bane (ORL) | Isaiah Stewart (DET) | Tristan Da Silva (ORL) | Steven Adams (HOU),"125339-171668,125339-188412,125339-110357,125339-67026,125339-171744,125339-145334,125339-145307,125339-203716,125339-23169"
56,1.7319,1,60000,290.76,546.82,Isaiah Collier (UTA) | Tyrese Maxey (PHI) | Kevin Porter Jr. (MIL) | Ausar Thompson (DET) | Caris LeVert (DET) | Justin Champagnie (WAS) | Bobby Portis (MIL) | Matas Buzelis (CHI) | Joel Embiid (PHI),"125339-203726,125339-145331,125339-110345,125339-188426,125339-23798,125339-158855,125339-42156,125339-203761,125339-49111"
57,1.7313,1,59300,310.15,521.21,Jaden Ivey (DET) | Luka Doncic (LAL) | Vit Krejci (ATL) | Keyonte George (UTA) | Luguentz Dort (OKC) | Dillon Brooks (PHX) | Santi Aldama (MEM) | Lauri Markkanen (UTA) | Robert Williams (POR),"125339-171780,125339-84669,125339-145540,125339-188412,125339-111273,125339-60233,125339-157844,125339-80812,125339-84708"
58,1.7311,1,59900,330.09,495.4,Dyson Daniels (ATL) | Luka Doncic (LAL) | De'Anthony Melton (GSW) | Dillon Brooks (PHX) | Ausar Thompson (DET) | Jake LaRavia (LAL) | Jalen Williams (OKC) | Bobby Portis (MIL) | Paul Reed (DET),"125339-171784,125339-84669,125339-84703,125339-60233,125339-188426,125339-171757,125339-171760,125339-42156,125339-145329"
59,1.7307,1,59500,295.5,539.14,Kevin Porter Jr. (MIL) | Dyson Daniels (ATL) | Marcus Smart (LAL) | Nickeil Alexander-Walker (ATL) | VJ Edgecombe (PHI) | Aaron Wiggins (OKC) | Jarred Vanderbilt (LAL) | Chet Holmgren (OKC) | Alex Sarr (WAS),"125339-110345,125339-171784,125339-23670,125339-110356,125339-228133,125339-157829,125339-84721,125339-171759,125339-203764"
60,1.7299,1,59900,314.42,513.94,Jaden Ivey (DET) | Ajay Mitchell (OKC) | Tre Jones (CHI) | De'Anthony Melton (GSW) | Moses Moody (GSW) | Paul George (PHI) | Jalen Johnson (ATL) | Kawhi Leonard (LAC) | Alex Sarr (WAS),"125339-171780,125339-203808,125339-145323,125339-84703,125339-157802,125339-12341,125339-157833,125339-14513,125339-203764"
61,1.7297,1,59500,310.38,518.86,James Harden (LAC) | Jaden Ivey (DET) | Duncan Robinson (DET) | Dyson Daniels (ATL) | Brandon Ingram (TOR) | Julian Champagnie (SAS) | Jalen Williams (OKC) | Derik Queen (NOP) | Nic Claxton (BKN),"125339-9644,125339-171780,125339-85137,125339-171784,125339-66048,125339-172098,125339-171760,125339-228132,125339-110354"
62,1.7297,1,59000,318.03,509.01,Ajay Mitchell (OKC) | Tyrese Maxey (PHI) | Egor Demin (BKN) | Jaden Ivey (DET) | Kawhi Leonard (LAC) | Justin Champagnie (WAS) | Jarred Vanderbilt (LAL) | Scottie Barnes (TOR) | Paul Reed (DET),"125339-203808,125339-145331,125339-228109,125339-171780,125339-14513,125339-158855,125339-84721,125339-157822,125339-145329"
63,1.7296,1,59600,308.49,521.23,Amen Thompson (HOU) | Devin Booker (PHX) | Cason Wallace (OKC) | Derrick White (BOS) | Vit Krejci (ATL) | Lauri Markkanen (UTA) | Noah Clowney (BKN) | Derik Queen (NOP) | Paul Reed (DET),"125339-188405,125339-58460,125339-188415,125339-49675,125339-145540,125339-80812,125339-188431,125339-228132,125339-145329"
64,1.7296,1,60000,341.23,479.23,Luka Doncic (LAL) | Nickeil Alexander-Walker (ATL) | Jordan Goodwin (PHX) | Jaden Ivey (DET) | Terance Mann (BKN) | Caris LeVert (DET) | Jalen Johnson (ATL) | Lauri Markkanen (UTA) | Paul Reed (DET),"125339-84669,125339-110356,125339-160174,125339-171780,125339-110315,125339-23798,125339-157833,125339-80812,125339-145329"
65,1.7295,1,59800,286.05,549.75,Jeremiah Fears (NOP) | Ryan Rollins (MIL) | James Harden (LAC) | Julian Champagnie (SAS) | Kevin Durant (HOU) | Tari Eason (HOU) | Zion Williamson (NOP) | Harrison Barnes (SAS) | Robert Williams (POR),"125339-228131,125339-171772,125339-9644,125339-172098,125339-9646,125339-171769,125339-110310,125339-15946,125339-84708"
66,1.7293,1,59900,298.99,533.02,Shaedon Sharpe (POR) | Tre Jones (CHI) | James Harden (LAC) | Ajay Mitchell (OKC) | Lauri Markkanen (UTA) | Mikal Bridges (NYK) | Tristan Da Silva (ORL) | Derik Queen (NOP) | Moussa Diabate (CHA),"125339-171804,125339-145323,125339-9644,125339-203808,125339-80812,125339-84670,125339-203716,125339-228132,125339-171765"
67,1.7293,1,60000,313.53,514.38,Derrick White (BOS) | Tyrese Maxey (PHI) | Tre Jones (CHI) | Jaden Ivey (DET) | Bilal Coulibaly (WAS) | Justin Champagnie (WAS) | Scottie Barnes (TOR) | Derik Queen (NOP) | Mitchell Robinson (NYK),"125339-49675,125339-145331,125339-145323,125339-171780,125339-188416,125339-158855,125339-157822,125339-228132,125339-84709"
68,1.7286,1,59600,295.92,536.03,Tyrese Maxey (PHI) | Caleb Love (POR) | Duncan Robinson (DET) | Stephon Castle (SAS) | Moses Moody (GSW) | Royce O'Neale (PHX) | Chet Holmgren (OKC) | Kevin Durant (HOU) | Paul Reed (DET),"125339-145331,125339-228180,125339-85137,125339-203723,125339-157802,125339-18338,125339-171759,125339-9646,125339-145329"
69,1.7284,1,59400,306.92,521.72,Daniss Jenkins (DET) | Dyson Daniels (ATL) | Payton Pritchard (BOS) | Nickeil Alexander-Walker (ATL) | Toumani Camara (POR) | Brandon Ingram (TOR) | Matas Buzelis (CHI) | Chet Holmgren (OKC) | Paul Reed (DET),"125339-203812,125339-171784,125339-145335,125339-110356,125339-188447,125339-66048,125339-203761,125339-171759,125339-145329"
70,1.726,1,59100,340.82,475.17,Luka Doncic (LAL) | Jordan Poole (NOP) | Nickeil Alexander-Walker (ATL) | Jaden Ivey (DET) | Jaylen Wells (MEM) | Duncan Robinson (DET) | Bilal Coulibaly (WAS) | Jalen Johnson (ATL) | Paul Reed (DET),"125339-84669,125339-110322,125339-110356,125339-171780,125339-203776,125339-85137,125339-188416,125339-157833,125339-145329"
71,1.7259,1,59900,305.51,520.4,Luka Doncic (LAL) | De'Aaron Fox (SAS) | Jordan Clarkson (NYK) | Jeremiah Fears (NOP) | Zaccharie Risacher (ATL) | Julian Champagnie (SAS) | Jalen Johnson (ATL) | Bobby Portis (MIL) | Brook Lopez (LAC),"125339-84669,125339-80810,125339-20640,125339-228131,125339-203767,125339-172098,125339-157833,125339-42156,125339-9621"
72,1.7255,1,59700,321.35,499.56,Daniss Jenkins (DET) | Jaden Ivey (DET) | Stephon Castle (SAS) | VJ Edgecombe (PHI) | Lauri Markkanen (UTA) | Justin Champagnie (WAS) | Alex Sarr (WAS) | Kevin Durant (HOU) | Paul Reed (DET),"125339-203812,125339-171780,125339-203723,125339-228133,125339-80812,125339-158855,125339-203764,125339-9646,125339-145329"
73,1.7253,1,60000,314.46,508.17,Stephen Curry (GSW) | James Harden (LAC) | Julian Champagnie (SAS) | Ajay Mitchell (OKC) | Aaron Wiggins (OKC) | Royce O'Neale (PHX) | Chet Holmgren (OKC) | Michael Porter Jr. (BKN) | Paul Reed (DET),"125339-9524,125339-9644,125339-172098,125339-203808,125339-157829,125339-18338,125339-171759,125339-84682,125339-145329"
74,1.7246,1,59400,303.6,521.13,Daniss Jenkins (DET) | James Harden (LAC) | Dylan Harper (SAS) | Caris LeVert (DET) | Kevin Durant (HOU) | Bilal Coulibaly (WAS) | Zion Williamson (NOP) | Derik Queen (NOP) | Isaiah Stewart (DET),"125339-203812,125339-9644,125339-228126,125339-23798,125339-9646,125339-188416,125339-110310,125339-228132,125339-145307"
75,1.7242,1,59100,316.87,503.63,Luka Doncic (LAL) | Dyson Daniels (ATL) | Ausar Thompson (DET) | Rayan Rupert (POR) | Julian Champagnie (SAS) | Jaylen Brown (BOS) | Sam Hauser (BOS) | Bilal Coulibaly (WAS) | Paul Reed (DET),"125339-84669,125339-171784,125339-188426,125339-188456,125339-172098,125339-67026,125339-158854,125339-188416,125339-145329"
76,1.7238,1,59300,295.16,531.0,Ajay Mitchell (OKC) | Jordan Clarkson (NYK) | Immanuel Quickley (TOR) | Terance Mann (BKN) | Peyton Watson (DEN) | Jalen Johnson (ATL) | Zion Williamson (NOP) | Kristaps Porzingis (ATL) | Nikola Vucevic (CHI),"125339-203808,125339-20640,125339-145348,125339-110315,125339-171761,125339-157833,125339-110310,125339-63122,125339-14514"
77,1.7237,1,59400,296.3,529.32,Tre Johnson (WAS) | Kevin Porter Jr. (MIL) | Marcus Smart (LAL) | Ausar Thompson (DET) | Deni Avdija (POR) | Jalen Johnson (ATL) | Isaiah Stewart (DET) | Zaccharie Risacher (ATL) | Brook Lopez (LAC),"125339-228118,125339-110345,125339-23670,125339-188426,125339-145539,125339-157833,125339-145307,125339-203767,125339-9621"
78,1.7227,1,59100,281.56,547.05,Collin Sexton (CHA) | Jalen Brunson (NYK) | Tim Hardaway Jr. (DEN) | Dylan Harper (SAS) | Jake LaRavia (LAL) | Jimmy Butler (GSW) | Derik Queen (NOP) | Karl-Anthony Towns (NYK) | Marvin Bagley III (WAS),"125339-84667,125339-84690,125339-15846,125339-228126,125339-171757,125339-14528,125339-228132,125339-58462,125339-84679"
79,1.7227,1,59800,340.27,471.77,Luka Doncic (LAL) | Shaedon Sharpe (POR) | Ajay Mitchell (OKC) | Jaden Ivey (DET) | Julian Champagnie (SAS) | Mikal Bridges (NYK) | Alex Sarr (WAS) | Jake LaRavia (LAL) | Paul Reed (DET),"125339-84669,125339-171804,125339-203808,125339-171780,125339-172098,125339-84670,125339-203764,125339-171757,125339-145329"
80,1.7226,1,59100,288.37,538.17,Jamal Murray (DEN) | Payton Pritchard (BOS) | RJ Barrett (TOR) | Vit Krejci (ATL) | Brandon Ingram (TOR) | Aaron Wiggins (OKC) | Alex Sarr (WAS) | Jake LaRavia (LAL) | Neemias Queta (BOS),"125339-66108,125339-145335,125339-110357,125339-145540,125339-66048,125339-157829,125339-203764,125339-171757,125339-157811"
81,1.7217,1,59800,289.01,536.18,De'Anthony Melton (GSW) | Tyrese Maxey (PHI) | Jaylen Brown (BOS) | Keyonte George (UTA) | Ace Bailey (UTA) | Ausar Thompson (DET) | Justin Champagnie (WAS) | Draymond Green (GSW) | Neemias Queta (BOS),"125339-84703,125339-145331,125339-67026,125339-188412,125339-228119,125339-188426,125339-158855,125339-15860,125339-157811"
82,1.7216,1,59200,300.71,521.12,De'Anthony Melton (GSW) | Dyson Daniels (ATL) | Collin Gillespie (PHX) | Devin Booker (PHX) | Jimmy Butler (GSW) | Kon Knueppel (CHA) | Jabari Smith (HOU) | Draymond Green (GSW) | Paul Reed (DET),"125339-84703,125339-171784,125339-171668,125339-58460,125339-14528,125339-228135,125339-171767,125339-15860,125339-145329"
83,1.7214,1,59300,296.18,526.67,Stephen Curry (GSW) | LaMelo Ball (CHA) | Mikal Bridges (NYK) | Jaden Ivey (DET) | VJ Edgecombe (PHI) | Royce O'Neale (PHX) | Bilal Coulibaly (WAS) | Brandon Ingram (TOR) | Steven Adams (HOU),"125339-9524,125339-145485,125339-84670,125339-171780,125339-228133,125339-18338,125339-188416,125339-66048,125339-23169"
85,1.7211,1,59300,300.72,520.41,Ryan Rollins (MIL) | Derrick White (BOS) | Ausar Thompson (DET) | Julian Champagnie (SAS) | Kevin Durant (HOU) | Bilal Coulibaly (WAS) | Noah Clowney (BKN) | Justin Champagnie (WAS) | Alex Sarr (WAS),"125339-171772,125339-49675,125339-188426,125339-172098,125339-9646,125339-188416,125339-188431,125339-158855,125339-203764"
84,1.7211,1,59500,321.57,493.76,Derrick White (BOS) | Kevin Porter Jr. (MIL) | Julian Champagnie (SAS) | Ajay Mitchell (OKC) | Ausar Thompson (DET) | Kevin Durant (HOU) | Derik Queen (NOP) | Noah Clowney (BKN) | Paul Reed (DET),"125339-49675,125339-110345,125339-172098,125339-203808,125339-188426,125339-9646,125339-228132,125339-188431,125339-145329"
86,1.7208,1,59600,305.37,514.07,Ryan Rollins (MIL) | Amen Thompson (HOU) | RJ Barrett (TOR) | Dillon Brooks (PHX) | Jalen Williams (OKC) | Terance Mann (BKN) | Keldon Johnson (SAS) | Scottie Barnes (TOR) | Paul Reed (DET),"125339-171772,125339-188405,125339-110357,125339-60233,125339-171760,125339-110315,125339-110347,125339-157822,125339-145329"
87,1.7207,1,59400,314.02,502.88,De'Aaron Fox (SAS) | Immanuel Quickley (TOR) | Ausar Thompson (DET) | Ajay Mitchell (OKC) | Jake LaRavia (LAL) | VJ Edgecombe (PHI) | Miles Bridges (CHA) | Alex Sarr (WAS) | Paul Reed (DET),"125339-80810,125339-145348,125339-188426,125339-203808,125339-171757,125339-228133,125339-84678,125339-203764,125339-145329"
88,1.7203,1,59900,290.54,532.55,De'Aaron Fox (SAS) | Keyonte George (UTA) | Luguentz Dort (OKC) | Immanuel Quickley (TOR) | OG Anunoby (NYK) | Jake LaRavia (LAL) | Chet Holmgren (OKC) | Kristaps Porzingis (ATL) | Mark Williams (PHX),"125339-80810,125339-188412,125339-111273,125339-145348,125339-68090,125339-171757,125339-171759,125339-63122,125339-171786"
90,1.7194,1,59300,293.3,527.78,De'Anthony Melton (GSW) | LaMelo Ball (CHA) | Jaylen Wells (MEM) | Tre Johnson (WAS) | Kyle Kuzma (MIL) | Scottie Barnes (TOR) | Jake LaRavia (LAL) | Jalen Johnson (ATL) | Mark Williams (PHX),"125339-84703,125339-145485,125339-203776,125339-228118,125339-58377,125339-157822,125339-171757,125339-157833,125339-171786"
89,1.7194,1,59500,297.44,522.51,Shaedon Sharpe (POR) | Devin Booker (PHX) | Tre Jones (CHI) | Stephon Castle (SAS) | Zaccharie Risacher (ATL) | Caris LeVert (DET) | Miles Bridges (CHA) | Karl-Anthony Towns (NYK) | Paul Reed (DET),"125339-171804,125339-58460,125339-145323,125339-203723,125339-203767,125339-23798,125339-84678,125339-58462,125339-145329"
91,1.7183,1,59700,296.4,522.5,Luka Doncic (LAL) | Jordan Clarkson (NYK) | Tre Johnson (WAS) | Cason Wallace (OKC) | Jaylen Wells (MEM) | Brandon Ingram (TOR) | Paolo Banchero (ORL) | OG Anunoby (NYK) | Mitchell Robinson (NYK),"125339-84669,125339-20640,125339-228118,125339-188415,125339-203776,125339-66048,125339-171770,125339-68090,125339-84709"
92,1.7177,1,59000,314.63,498.32,Amen Thompson (HOU) | Ajay Mitchell (OKC) | Payton Pritchard (BOS) | Jaylen Wells (MEM) | Dillon Brooks (PHX) | Jalen Johnson (ATL) | Spencer Jones (DEN) | Derik Queen (NOP) | Paul Reed (DET),"125339-188405,125339-203808,125339-145335,125339-203776,125339-60233,125339-157833,125339-207562,125339-228132,125339-145329"
94,1.7171,1,59100,297.8,519.13,Jalen Brunson (NYK) | De'Anthony Melton (GSW) | Duncan Robinson (DET) | Ausar Thompson (DET) | Jalen Johnson (ATL) | Jaylen Wells (MEM) | Jimmy Butler (GSW) | Matas Buzelis (CHI) | Wendell Carter Jr. (ORL),"125339-84690,125339-84703,125339-85137,125339-188426,125339-157833,125339-203776,125339-14528,125339-203761,125339-84676"
93,1.7171,1,60000,299.04,517.59,Nickeil Alexander-Walker (ATL) | Shaedon Sharpe (POR) | Dyson Daniels (ATL) | Ausar Thompson (DET) | Miles Bridges (CHA) | Matas Buzelis (CHI) | Jarred Vanderbilt (LAL) | Alex Sarr (WAS) | Santi Aldama (MEM),"125339-110356,125339-171804,125339-171784,125339-188426,125339-84678,125339-203761,125339-84721,125339-203764,125339-157844"
95,1.7164,1,59900,303.53,510.98,Bub Carrington (WAS) | De'Aaron Fox (SAS) | Ajay Mitchell (OKC) | Jeremiah Fears (NOP) | Jalen Johnson (ATL) | Peyton Watson (DEN) | Justin Champagnie (WAS) | Draymond Green (GSW) | Chet Holmgren (OKC),"125339-203721,125339-80810,125339-203808,125339-228131,125339-157833,125339-171761,125339-158855,125339-15860,125339-171759"
97,1.7162,1,59400,289.66,528.49,James Harden (LAC) | Jordan Clarkson (NYK) | Ajay Mitchell (OKC) | Kon Knueppel (CHA) | Peyton Watson (DEN) | Zaccharie Risacher (ATL) | Tari Eason (HOU) | Kawhi Leonard (LAC) | Jusuf Nurkic (UTA),"125339-9644,125339-20640,125339-203808,125339-228135,125339-171761,125339-203767,125339-171769,125339-14513,125339-55057"
96,1.7162,1,59200,339.62,464.49,Luka Doncic (LAL) | Jaden Ivey (DET) | Mikal Bridges (NYK) | Caris LeVert (DET) | Jimmy Butler (GSW) | Bilal Coulibaly (WAS) | Isaiah Stewart (DET) | Alex Sarr (WAS) | Paul Reed (DET),"125339-84669,125339-171780,125339-84670,125339-23798,125339-14528,125339-188416,125339-145307,125339-203764,125339-145329"
98,1.7159,1,60000,323.33,484.91,Kevin Porter Jr. (MIL) | De'Aaron Fox (SAS) | Derrick White (BOS) | Jaden Ivey (DET) | Keldon Johnson (SAS) | Miles Bridges (CHA) | Jalen Williams (OKC) | Bilal Coulibaly (WAS) | Paul Reed (DET),"125339-110345,125339-80810,125339-49675,125339-171780,125339-110347,125339-84678,125339-171760,125339-188416,125339-145329"
99,1.7154,1,59700,302.35,511.19,James Harden (LAC) | Derrick White (BOS) | Mikal Bridges (NYK) | Cason Wallace (OKC) | Vit Krejci (ATL) | Justin Champagnie (WAS) | Alex Sarr (WAS) | Michael Porter Jr. (BKN) | Mark Williams (PHX),"125339-9644,125339-49675,125339-84670,125339-188415,125339-145540,125339-158855,125339-203764,125339-84682,125339-171786"
100,1.7151,1,59300,315.98,493.34,Kevin Porter Jr. (MIL) | Shaedon Sharpe (POR) | Ajay Mitchell (OKC) | Cason Wallace (OKC) | Ausar Thompson (DET) | Bilal Coulibaly (WAS) | Jalen Williams (OKC) | Deni Avdija (POR) | Paul Reed (DET),"125339-110345,125339-171804,125339-203808,125339-188415,125339-188426,125339-188416,125339-171760,125339-145539,125339-145329"
101,1.7148,1,59300,299.95,513.56,LaMelo Ball (CHA) | Anfernee Simons (BOS) | Ajay Mitchell (OKC) | Kon Knueppel (CHA) | Jake LaRavia (LAL) | Desmond Bane (ORL) | Isaiah Stewart (DET) | Jalen Williams (OKC) | Deandre Ayton (LAL),"125339-145485,125339-84717,125339-203808,125339-228135,125339-171757,125339-145334,125339-145307,125339-171760,125339-84673"
102,1.7148,1,59100,332.51,471.76,Keyonte George (UTA) | Nickeil Alexander-Walker (ATL) | Jaden Ivey (DET) | Ausar Thompson (DET) | Jake LaRavia (LAL) | Bilal Coulibaly (WAS) | Derik Queen (NOP) | Jalen Johnson (ATL) | Paul Reed (DET),"125339-188412,125339-110356,125339-171780,125339-188426,125339-171757,125339-188416,125339-228132,125339-157833,125339-145329"
103,1.7141,1,59200,291.48,523.55,Jamal Murray (DEN) | De'Anthony Melton (GSW) | Immanuel Quickley (TOR) | Kevin Porter Jr. (MIL) | Tristan Da Silva (ORL) | Scottie Barnes (TOR) | Isaiah Stewart (DET) | Matas Buzelis (CHI) | Mitchell Robinson (NYK),"125339-66108,125339-84703,125339-145348,125339-110345,125339-203716,125339-157822,125339-145307,125339-203761,125339-84709"
104,1.7141,1,59900,301.85,510.25,Ajay Mitchell (OKC) | Ryan Rollins (MIL) | Caris LeVert (DET) | Kon Knueppel (CHA) | Mikal Bridges (NYK) | Scottie Barnes (TOR) | Jimmy Butler (GSW) | Derik Queen (NOP) | Neemias Queta (BOS),"125339-203808,125339-171772,125339-23798,125339-228135,125339-84670,125339-157822,125339-14528,125339-228132,125339-157811"
105,1.714,1,59100,300.89,511.34,Nickeil Alexander-Walker (ATL) | Kevin Porter Jr. (MIL) | Ajay Mitchell (OKC) | Tre Johnson (WAS) | Miles Bridges (CHA) | Aaron Wiggins (OKC) | Zion Williamson (NOP) | Isaiah Stewart (DET) | Nikola Vucevic (CHI),"125339-110356,125339-110345,125339-203808,125339-228118,125339-84678,125339-157829,125339-110310,125339-145307,125339-14514"
106,1.7137,1,59500,307.62,502.34,De'Anthony Melton (GSW) | Luka Doncic (LAL) | James Harden (LAC) | Jaden Ivey (DET) | Sam Hauser (BOS) | Ace Bailey (UTA) | Matas Buzelis (CHI) | Giannis Antetokounmpo (MIL) | Jarred Vanderbilt (LAL),"125339-84703,125339-84669,125339-9644,125339-171780,125339-158854,125339-228119,125339-203761,125339-40199,125339-84721"
107,1.7136,1,60000,293.53,520.25,Reed Sheppard (HOU) | Stephen Curry (GSW) | Ajay Mitchell (OKC) | Jordan Poole (NOP) | Jimmy Butler (GSW) | Jake LaRavia (LAL) | Scottie Barnes (TOR) | Sam Hauser (BOS) | Nikola Vucevic (CHI),"125339-203713,125339-9524,125339-203808,125339-110322,125339-14528,125339-171757,125339-157822,125339-158854,125339-14514"
108,1.7126,1,59900,326.97,476.13,Kevin Porter Jr. (MIL) | Immanuel Quickley (TOR) | Cason Wallace (OKC) | Nickeil Alexander-Walker (ATL) | Jalen Williams (OKC) | Bilal Coulibaly (WAS) | Alex Sarr (WAS) | Chet Holmgren (OKC) | Paul Reed (DET),"125339-110345,125339-145348,125339-188415,125339-110356,125339-171760,125339-188416,125339-203764,125339-171759,125339-145329"
109,1.7124,1,59500,291.12,521.87,LaMelo Ball (CHA) | De'Aaron Fox (SAS) | De'Anthony Melton (GSW) | Tre Johnson (WAS) | Marcus Smart (LAL) | Lauri Markkanen (UTA) | Draymond Green (GSW) | Chet Holmgren (OKC) | Isaiah Stewart (DET),"125339-145485,125339-80810,125339-84703,125339-228118,125339-23670,125339-80812,125339-15860,125339-171759,125339-145307"
110,1.7122,1,59700,319.65,485.02,Bub Carrington (WAS) | Dyson Daniels (ATL) | Tre Jones (CHI) | Jaylen Wells (MEM) | Lauri Markkanen (UTA) | Paul George (PHI) | Kristaps Porzingis (ATL) | Jalen Johnson (ATL) | Paul Reed (DET),"125339-203721,125339-171784,125339-145323,125339-203776,125339-80812,125339-12341,125339-63122,125339-157833,125339-145329"
111,1.7119,1,59600,329.55,471.9,Jalen Brunson (NYK) | Jaden Ivey (DET) | Derrick White (BOS) | Ajay Mitchell (OKC) | Jalen Johnson (ATL) | Luguentz Dort (OKC) | Noah Clowney (BKN) | Alex Sarr (WAS) | Paul Reed (DET),"125339-84690,125339-171780,125339-49675,125339-203808,125339-157833,125339-111273,125339-188431,125339-203764,125339-145329"
112,1.7115,1,59900,296.54,513.77,Collin Gillespie (PHX) | De'Aaron Fox (SAS) | Ace Bailey (UTA) | Marcus Smart (LAL) | Jalen Williams (OKC) | Kawhi Leonard (LAC) | Bilal Coulibaly (WAS) | Isaiah Stewart (DET) | Neemias Queta (BOS),"125339-171668,125339-80810,125339-228119,125339-23670,125339-171760,125339-14513,125339-188416,125339-145307,125339-157811"
113,1.7115,1,59400,325.77,476.23,Ajay Mitchell (OKC) | Keyonte George (UTA) | Jaden Ivey (DET) | Kevin Huerter (CHI) | Michael Porter Jr. (BKN) | Jalen Johnson (ATL) | Derik Queen (NOP) | Tristan Da Silva (ORL) | Paul Reed (DET),"125339-203808,125339-188412,125339-171780,125339-84704,125339-84682,125339-157833,125339-228132,125339-203716,125339-145329"
114,1.7112,1,59400,323.48,478.81,De'Anthony Melton (GSW) | Anthony Black (ORL) | Jaden Ivey (DET) | Dyson Daniels (ATL) | Justin Champagnie (WAS) | Ausar Thompson (DET) | Jalen Johnson (ATL) | Scottie Barnes (TOR) | Paul Reed (DET),"125339-84703,125339-188408,125339-171780,125339-171784,125339-158855,125339-188426,125339-157833,125339-157822,125339-145329"
115,1.7111,1,59900,303.03,504.93,Caleb Love (POR) | Daniss Jenkins (DET) | Dyson Daniels (ATL) | Ausar Thompson (DET) | Scottie Barnes (TOR) | Harrison Barnes (SAS) | Jalen Johnson (ATL) | Derik Queen (NOP) | Neemias Queta (BOS),"125339-228180,125339-203812,125339-171784,125339-188426,125339-157822,125339-15946,125339-157833,125339-228132,125339-157811"
116,1.7103,1,59200,298.77,509.33,Shaedon Sharpe (POR) | Jaden Ivey (DET) | Kevin Huerter (CHI) | Dyson Daniels (ATL) | Justin Champagnie (WAS) | Dillon Brooks (PHX) | Chet Holmgren (OKC) | Giannis Antetokounmpo (MIL) | Luka Garza (BOS),"125339-171804,125339-171780,125339-84704,125339-171784,125339-158855,125339-60233,125339-171759,125339-40199,125339-157807"
118,1.7101,1,59300,299.7,507.97,Tre Johnson (WAS) | Derrick White (BOS) | Jeremiah Fears (NOP) | Jaylen Brown (BOS) | Bilal Coulibaly (WAS) | Quentin Grimes (PHI) | Scottie Barnes (TOR) | Kyle Kuzma (MIL) | Paul Reed (DET),"125339-228118,125339-49675,125339-228131,125339-67026,125339-188416,125339-157826,125339-157822,125339-58377,125339-145329"
117,1.7101,1,59200,325.99,474.3,Ajay Mitchell (OKC) | Dyson Daniels (ATL) | Luguentz Dort (OKC) | Jaden Ivey (DET) | Miles Bridges (CHA) | Jalen Johnson (ATL) | Paul George (PHI) | Chet Holmgren (OKC) | Paul Reed (DET),"125339-203808,125339-171784,125339-111273,125339-171780,125339-84678,125339-157833,125339-12341,125339-171759,125339-145329"
119,1.7099,1,59900,309.04,495.74,LaMelo Ball (CHA) | Daniss Jenkins (DET) | Collin Sexton (CHA) | Ajay Mitchell (OKC) | Zaccharie Risacher (ATL) | Scottie Barnes (TOR) | Alex Sarr (WAS) | Jimmy Butler (GSW) | Jusuf Nurkic (UTA),"125339-145485,125339-203812,125339-84667,125339-203808,125339-203767,125339-157822,125339-203764,125339-14528,125339-55057"
120,1.7097,1,59600,292.52,516.69,Luka Doncic (LAL) | Anthony Black (ORL) | Cason Wallace (OKC) | Dillon Brooks (PHX) | Royce O'Neale (PHX) | Brice Sensabaugh (UTA) | Scottie Barnes (TOR) | Keldon Johnson (SAS) | Marvin Bagley III (WAS),"125339-84669,125339-188408,125339-188415,125339-60233,125339-18338,125339-188413,125339-157822,125339-110347,125339-84679"
121,1.7084,1,59100,322.28,476.83,Stephen Curry (GSW) | Ajay Mitchell (OKC) | Kevin Porter Jr. (MIL) | Cason Wallace (OKC) | Lauri Markkanen (UTA) | Julian Champagnie (SAS) | Isaiah Stewart (DET) | Alex Sarr (WAS) | Paul Reed (DET),"125339-9524,125339-203808,125339-110345,125339-188415,125339-80812,125339-172098,125339-145307,125339-203764,125339-145329"
122,1.7082,1,59300,295.28,511.26,Stephen Curry (GSW) | Luka Doncic (LAL) | Egor Demin (BKN) | Quentin Grimes (PHI) | Miles Bridges (CHA) | Bilal Coulibaly (WAS) | John Collins (LAC) | Aaron Wiggins (OKC) | Brook Lopez (LAC),"125339-9524,125339-84669,125339-228109,125339-157826,125339-84678,125339-188416,125339-66236,125339-157829,125339-9621"
123,1.7079,1,59000,291.39,515.86,Jamal Murray (DEN) | Collin Gillespie (PHX) | Moses Moody (GSW) | Jamal Shead (TOR) | Marcus Smart (LAL) | Jalen Williams (OKC) | Isaiah Stewart (DET) | Michael Porter Jr. (BKN) | Jusuf Nurkic (UTA),"125339-66108,125339-171668,125339-157802,125339-203798,125339-23670,125339-171760,125339-145307,125339-84682,125339-55057"
124,1.7079,1,59700,302.89,501.07,Payton Pritchard (BOS) | Immanuel Quickley (TOR) | Collin Sexton (CHA) | De'Anthony Melton (GSW) | RJ Barrett (TOR) | Lauri Markkanen (UTA) | Paolo Banchero (ORL) | Isaiah Stewart (DET) | Paul Reed (DET),"125339-145335,125339-145348,125339-84667,125339-84703,125339-110357,125339-80812,125339-171770,125339-145307,125339-145329"
125,1.7079,1,60000,322.6,475.8,Ryan Rollins (MIL) | Kevin Porter Jr. (MIL) | Egor Demin (BKN) | Tre Jones (CHI) | Jalen Johnson (ATL) | Jaylen Wells (MEM) | Bilal Coulibaly (WAS) | Derik Queen (NOP) | Paul Reed (DET),"125339-171772,125339-110345,125339-228109,125339-145323,125339-157833,125339-203776,125339-188416,125339-228132,125339-145329"
126,1.7075,1,59100,301.19,502.71,Anthony Black (ORL) | Jaden Ivey (DET) | Collin Sexton (CHA) | Rayan Rupert (POR) | Tari Eason (HOU) | VJ Edgecombe (PHI) | Paul George (PHI) | Jalen Johnson (ATL) | Derik Queen (NOP),"125339-188408,125339-171780,125339-84667,125339-188456,125339-171769,125339-228133,125339-12341,125339-157833,125339-228132"
127,1.7073,1,60000,299.35,504.88,Collin Sexton (CHA) | De'Anthony Melton (GSW) | Nickeil Alexander-Walker (ATL) | Marcus Smart (LAL) | Jalen Johnson (ATL) | Dillon Brooks (PHX) | Brandon Ingram (TOR) | Victor Wembanyama (SAS) | Brook Lopez (LAC),"125339-84667,125339-84703,125339-110356,125339-23670,125339-157833,125339-60233,125339-66048,125339-188414,125339-9621"
128,1.7069,1,59900,318.72,479.52,Jaden Ivey (DET) | Cason Wallace (OKC) | Keyonte George (UTA) | Derrick White (BOS) | Jimmy Butler (GSW) | Lauri Markkanen (UTA) | Santi Aldama (MEM) | Isaiah Stewart (DET) | Paul Reed (DET),"125339-171780,125339-188415,125339-188412,125339-49675,125339-14528,125339-80812,125339-157844,125339-145307,125339-145329"
130,1.7068,1,59800,323.93,472.71,Stephen Curry (GSW) | Ajay Mitchell (OKC) | Kon Knueppel (CHA) | Jaden Ivey (DET) | Scottie Barnes (TOR) | Jimmy Butler (GSW) | Isaiah Stewart (DET) | Matas Buzelis (CHI) | Paul Reed (DET),"125339-9524,125339-203808,125339-228135,125339-171780,125339-157822,125339-14528,125339-145307,125339-203761,125339-145329"
129,1.7068,1,59300,325.83,470.35,Tre Johnson (WAS) | Ajay Mitchell (OKC) | James Harden (LAC) | Ausar Thompson (DET) | Jalen Williams (OKC) | Jake LaRavia (LAL) | Alex Sarr (WAS) | Chet Holmgren (OKC) | Paul Reed (DET),"125339-228118,125339-203808,125339-9644,125339-188426,125339-171760,125339-171757,125339-203764,125339-171759,125339-145329"
131,1.7064,1,60000,308.82,491.59,Nickeil Alexander-Walker (ATL) | Ja Morant (MEM) | Tre Johnson (WAS) | Jaylen Wells (MEM) | Jaylen Brown (BOS) | Jimmy Butler (GSW) | Derik Queen (NOP) | Bilal Coulibaly (WAS) | Paul Reed (DET),"125339-110356,125339-110344,125339-228118,125339-203776,125339-67026,125339-14528,125339-228132,125339-188416,125339-145329"
132,1.7051,1,59600,293.63,509.43,Tyrese Maxey (PHI) | James Harden (LAC) | Jordan Poole (NOP) | Dillon Brooks (PHX) | Aaron Wiggins (OKC) | Jalen Williams (OKC) | Tolu Smith (DET) | OG Anunoby (NYK) | Isaiah Stewart (DET),"125339-145331,125339-9644,125339-110322,125339-60233,125339-157829,125339-171760,125339-213259,125339-68090,125339-145307"
133,1.7049,1,60000,298.3,503.18,LaMelo Ball (CHA) | Jaden Ivey (DET) | Anthony Black (ORL) | Derrick White (BOS) | Jaylen Wells (MEM) | Scottie Barnes (TOR) | Paul George (PHI) | Tari Eason (HOU) | Goga Bitadze (ORL),"125339-145485,125339-171780,125339-188408,125339-49675,125339-203776,125339-157822,125339-12341,125339-171769,125339-110359"
134,1.7044,1,60000,333.93,456.91,Kevin Porter Jr. (MIL) | Jalen Brunson (NYK) | Jaden Ivey (DET) | Ajay Mitchell (OKC) | Bilal Coulibaly (WAS) | Paul George (PHI) | Alex Sarr (WAS) | Chet Holmgren (OKC) | Paul Reed (DET),"125339-110345,125339-84690,125339-171780,125339-203808,125339-188416,125339-12341,125339-203764,125339-171759,125339-145329"
135,1.7043,1,59600,318.22,476.91,Stephen Curry (GSW) | Dyson Daniels (ATL) | Jaylen Wells (MEM) | Jaden Ivey (DET) | Kevin Durant (HOU) | Jalen Williams (OKC) | Jarred Vanderbilt (LAL) | Brandon Ingram (TOR) | Paul Reed (DET),"125339-9524,125339-171784,125339-203776,125339-171780,125339-9646,125339-171760,125339-84721,125339-66048,125339-145329"
136,1.7042,1,59400,314.96,480.93,Amen Thompson (HOU) | Nickeil Alexander-Walker (ATL) | Jaden Ivey (DET) | Dyson Daniels (ATL) | Vit Krejci (ATL) | Kevin Durant (HOU) | Zion Williamson (NOP) | Kristaps Porzingis (ATL) | Paul Reed (DET),"125339-188405,125339-110356,125339-171780,125339-171784,125339-145540,125339-9646,125339-110310,125339-63122,125339-145329"
137,1.7041,1,59900,319.81,474.65,Luka Doncic (LAL) | Bub Carrington (WAS) | Kevin Huerter (CHI) | Ajay Mitchell (OKC) | Vit Krejci (ATL) | Scottie Barnes (TOR) | Derik Queen (NOP) | Keldon Johnson (SAS) | Isaiah Stewart (DET),"125339-84669,125339-203721,125339-84704,125339-203808,125339-145540,125339-157822,125339-228132,125339-110347,125339-145307"
138,1.7039,1,59100,304.41,494.08,Luka Doncic (LAL) | Jaden Ivey (DET) | RJ Barrett (TOR) | Luguentz Dort (OKC) | Kevin Huerter (CHI) | Peyton Watson (DEN) | Chet Holmgren (OKC) | Collin Murray-Boyles (TOR) | Mark Williams (PHX),"125339-84669,125339-171780,125339-110357,125339-111273,125339-84704,125339-171761,125339-171759,125339-228122,125339-171786"
139,1.7039,1,60000,319.73,474.42,Daniss Jenkins (DET) | Nickeil Alexander-Walker (ATL) | James Harden (LAC) | De'Anthony Melton (GSW) | Tari Eason (HOU) | Jimmy Butler (GSW) | Alex Sarr (WAS) | Zion Williamson (NOP) | Paul Reed (DET),"125339-203812,125339-110356,125339-9644,125339-84703,125339-171769,125339-14528,125339-203764,125339-110310,125339-145329"
140,1.7034,1,59600,314.51,480.5,Kevin Porter Jr. (MIL) | Luka Doncic (LAL) | Jaden Ivey (DET) | Kris Dunn (LAC) | Jalen Williams (OKC) | Luguentz Dort (OKC) | Alex Sarr (WAS) | Toumani Camara (POR) | Jock Landale (MEM),"125339-110345,125339-84669,125339-171780,125339-23802,125339-171760,125339-111273,125339-203764,125339-188447,125339-158137"
141,1.7033,1,59400,336.54,452.17,Nickeil Alexander-Walker (ATL) | Luka Doncic (LAL) | Jaden Ivey (DET) | Derrick White (BOS) | Justin Champagnie (WAS) | Mikal Bridges (NYK) | Draymond Green (GSW) | Bilal Coulibaly (WAS) | Paul Reed (DET),"125339-110356,125339-84669,125339-171780,125339-49675,125339-158855,125339-84670,125339-15860,125339-188416,125339-145329"
142,1.7029,1,59900,319.89,473.01,Daniss Jenkins (DET) | Tyrese Maxey (PHI) | Mikal Bridges (NYK) | Derrick White (BOS) | Jaylen Wells (MEM) | RJ Barrett (TOR) | Derik Queen (NOP) | Jake LaRavia (LAL) | Paul Reed (DET),"125339-203812,125339-145331,125339-84670,125339-49675,125339-203776,125339-110357,125339-228132,125339-171757,125339-145329"
143,1.7027,1,59900,296.02,503.33,Ajay Mitchell (OKC) | Jamal Murray (DEN) | Egor Demin (BKN) | Ryan Rollins (MIL) | Caris LeVert (DET) | Peyton Watson (DEN) | Jalen Williams (OKC) | Miles Bridges (CHA) | Jusuf Nurkic (UTA),"125339-203808,125339-66108,125339-228109,125339-171772,125339-23798,125339-171761,125339-171760,125339-84678,125339-55057"
144,1.7024,1,59700,309.57,485.57,Jordan Poole (NOP) | Nickeil Alexander-Walker (ATL) | Dillon Brooks (PHX) | De'Anthony Melton (GSW) | Paul George (PHI) | OG Anunoby (NYK) | Jalen Johnson (ATL) | Derik Queen (NOP) | Kristaps Porzingis (ATL),"125339-110322,125339-110356,125339-60233,125339-84703,125339-12341,125339-68090,125339-157833,125339-228132,125339-63122"
145,1.7023,1,60000,314.35,479.4,Jordan Poole (NOP) | Jamal Murray (DEN) | Jaden Ivey (DET) | Dyson Daniels (ATL) | Luguentz Dort (OKC) | OG Anunoby (NYK) | Chet Holmgren (OKC) | Lauri Markkanen (UTA) | Paul Reed (DET),"125339-110322,125339-66108,125339-171780,125339-171784,125339-111273,125339-68090,125339-171759,125339-80812,125339-145329"
146,1.7017,1,59400,316.76,475.53,Ajay Mitchell (OKC) | Luka Doncic (LAL) | Ausar Thompson (DET) | Nickeil Alexander-Walker (ATL) | Jake LaRavia (LAL) | Isaac Okoro (CHI) | Chet Holmgren (OKC) | Bilal Coulibaly (WAS) | John Collins (LAC),"125339-203808,125339-84669,125339-188426,125339-110356,125339-171757,125339-145341,125339-171759,125339-188416,125339-66236"
147,1.7015,1,59700,298.74,498.32,Anthony Black (ORL) | Ajay Mitchell (OKC) | Nickeil Alexander-Walker (ATL) | Keyonte George (UTA) | Ausar Thompson (DET) | Bilal Coulibaly (WAS) | Giannis Antetokounmpo (MIL) | Royce O'Neale (PHX) | Goga Bitadze (ORL),"125339-188408,125339-203808,125339-110356,125339-188412,125339-188426,125339-188416,125339-40199,125339-18338,125339-110359"
148,1.7011,1,59000,316.48,475.15,Jordan Poole (NOP) | Dyson Daniels (ATL) | Ajay Mitchell (OKC) | Jaden Ivey (DET) | Lauri Markkanen (UTA) | Bilal Coulibaly (WAS) | Zaccharie Risacher (ATL) | Jalen Johnson (ATL) | Derik Queen (NOP),"125339-110322,125339-171784,125339-203808,125339-171780,125339-80812,125339-188416,125339-203767,125339-157833,125339-228132"
149,1.701,1,59500,310.06,483.24,Stephen Curry (GSW) | Ryan Rollins (MIL) | Tre Johnson (WAS) | Ausar Thompson (DET) | Paul George (PHI) | Jaylen Brown (BOS) | Isaiah Stewart (DET) | Noah Clowney (BKN) | Paul Reed (DET),"125339-9524,125339-171772,125339-228118,125339-188426,125339-12341,125339-67026,125339-145307,125339-188431,125339-145329"
150,1.7008,1,59300,343.09,440.63,Cason Wallace (OKC) | Luka Doncic (LAL) | Jaden Ivey (DET) | Ajay Mitchell (OKC) | Scottie Barnes (TOR) | Tari Eason (HOU) | Jalen Williams (OKC) | Bilal Coulibaly (WAS) | Paul Reed (DET),"125339-188415,125339-84669,125339-171780,125339-203808,125339-157822,125339-171769,125339-171760,125339-188416,125339-145329"
